,Job,Create,Start
0,a01,2023-10-17 04:46:00,2023-10-17 04:46:47
1,a02,2023-10-17 04:56:27,2023-10-17 04:56:29
2,a03,2023-10-17 04:52:04,2023-10-17 04:54:17
3,a04,2023-10-17 04:46:54,2023-10-17 04:49:00
4,a05,2023-10-17 04:39:37,2023-10-17 04:39:37
5,a06,2023-10-17 04:50:31,2023-10-17 04:51:01
6,a07,2023-10-17 04:45:03,2023-10-17 04:45:50
7,a08,2023-10-17 04:56:44,2023-10-17 04:57:07
8,a09,2023-10-17 04:54:24,2023-10-17 04:56:14
9,a10,2023-10-17 04:59:34,2023-10-17 05:01:28
10,c01,2023-10-17 04:49:15,2023-10-17 04:50:15
11,c02,2023-10-17 04:37:27,2023-10-17 04:37:27
12,c03,2023-10-17 04:38:38,2023-10-17 04:38:38
13,c04,2023-10-17 04:43:59,2023-10-17 04:44:53
14,c05,2023-10-17 04:57:17,2023-10-17 04:59:25
15,c06,2023-10-17 04:51:13,2023-10-17 04:51:13
16,c07,2023-10-17 04:40:36,2023-10-17 04:40:36
17,c08,2023-10-17 04:41:38,2023-10-17 04:42:44
18,c09,2023-10-17 04:51:22,2023-10-17 04:51:55
19,c10,2023-10-17 04:42:54,2023-10-17 04:43:49
